user_input,output,timestamp
How do invest my salary,<function CustomChatGPT at 0x0000018B4C8CDD00>,2025-05-20 14:45:30.444053
how do save my money,"Saving money effectively requires a combination of budgeting, smart spending, and investing. Here are steps you can follow:

### 1. Create a Budget
- **Track Your Income and Expenses:** Keep a detailed record of your income and all expenses for a month to see where your money goes.
- **Set Spending Limits:** Establish limits for different categories, such as groceries, entertainment, and utilities.
  
### 2. Reduce Unnecessary Expenses
- **Cut Unused Subscriptions:** Assess all your subscriptions and cancel anything that you’re not using regularly.
- **Cook at Home:** Eating out can be significantly more expensive than cooking at home.
- **Shop Smart:** Look for sales, use coupons, and consider purchasing generic brands.

### 3. Build an Emergency Fund
- **Save for Unexpected Expenses:** Aim to save at least three to six months' worth of living expenses in a separate account to cover unexpected costs.

### 4. Pay Off Debt
- **Prioritize High-Interest Debt:** Focus on paying down any high-interest debts first, such as credit card debt.
- **Consider Debt Consolidation:** If possible, consolidate debts to reduce interest rates and simplify payments.

### 5. Automate Your Savings
- **Set Up Automatic Transfers:** Configure a portion of your paycheck to automatically transfer to a savings account each month.
- **Use Round-Up Apps:** Some banking apps allow you to round up purchases to the nearest dollar and save the difference.

### 6. Take Advantage of Savings Accounts
- **High-Interest Savings Accounts:** Look for accounts that offer competitive interest rates to grow your savings faster.
- **Consider Certificates of Deposit (CDs):** If you can set your money aside for a fixed period, CDs often offer higher interest rates than regular savings accounts.

### 7. Invest for the Future
- **Retirement Accounts:** Take advantage of employer-sponsored retirement plans (like a 401(k)) or individual retirement accounts (IRAs).
- **Consider Real Estate:** If you’re interested in real estate investing, consider properties that can provide rental income or appreciate in value over time.

### 8. Educate Yourself
- **Financial Literacy:** Invest time in learning about personal finance, investment strategies, and real estate.
- **Seek Professional Advice:** If you’re unsure, consider hiring a financial advisor for personalized strategies.

### 9. Regularly Review Your Financial Goals
- **Annual Check-Ins:** Evaluate your budget and savings goals at least once a year to ensure you remain on track.
- **Adjust as Necessary:** Modify your budget based on changes in income or expenses.

By following these strategies, you can create a robust savings plan that suits your financial goals and lifestyle.",2025-05-20 14:48:27.364304
